"","null.deviance","df.null","logLik","AIC","BIC","deviance","df.residual","nobs"
"1",85.2555281032909,20,-44.182097590514,98.364195181028,103.586807369645,6.32514978501267,16,21
