"","null.deviance","df.null","logLik","AIC","BIC","deviance","df.residual","nobs"
"1",85.2555281032909,20,-41.0195226980077,124.039045396015,145.974016588207,-3.55271367995852e-15,0,21
